<?xml version='1.0' encoding='utf-8'?>
<!DOCTYPE hibernate-configuration PUBLIC
"-//Hibernate/Hibernate Configuration DTD//EN"
"http://hibernate.sourceforge.net/hibernate-configuration-5.0.dtd">

<hibernate-configuration>
  <session-factory>
  	<property name="show_sql">true</property>
    <property name="hibernate.connection.driver_class">com.mysql.cj.jdbc.Driver</property>
    <property name="hibernate.connection.url">jdbc:mysql://localhost:3306/ocarin?serverTimezone=UTC</property>
    <property name="hibernate.connection.username">root</property>
    <property name="hibernate.connection.password">admin</property>
    <property name="hibernate.dialect">org.hibernate.dialect.MySQLDialect</property>
    
    <!-- Especifica la clas tipo entity que tiene anotaciones  -->
    <mapping class="com.hibernatepractica2.Clientes"></mapping>
    <mapping class="com.hibernatepractica2.Telefonos"></mapping>
  </session-factory>
</hibernate-configuration>